1,Raj,raj@gmail.com,Hyd
2,Phani,Phani@gmai.com,Mumbai
3,Aravind,Aravind@gmail.com,Patna
4,Kaushik,Kaushik@gmail.com,Goa
5,Akash,Akash@gmail.com,Hyd
6,Rajesh,rajesh@gmail.com,Delhi
7,Phani,Phani.456@gmail.com,Mumbai
8,James,James@gmail.com,Hyd
9,Raj,raj.1234@gmail.com,Bangalore
10,Raj,raj.789@gmail.com,Chennai
